{
  "project_info": {
    "project_number": "321271812341",
    "project_id": "heartsync-backend-flutter",
    "storage_bucket": "heartsync-backend-flutter.firebasestorage.app"
  },
  "client": [
    {
      "client_info": {
        "mobilesdk_app_id": "1:321271812341:android:0a86b2c386cd866de335bc",
        "android_client_info": {
          "package_name": "com.example.heartsync"
        }
      },
      "oauth_client": [],
      "api_key": [
        {
          "current_key": "AIzaSyCV5TmuSM4oWFionaEXyel-TS3GNLNO86g"
        }
      ],
      "services": {
        "appinvite_service": {
          "other_platform_oauth_client": []
        }
      }
    },
    {
      "client_info": {
        "mobilesdk_app_id": "1:321271812341:android:fbd45aad5637fbcbe335bc",
        "android_client_info": {
          "package_name": "com.example.myapp"
        }
      },
      "oauth_client": [],
      "api_key": [
        {
          "current_key": "AIzaSyCV5TmuSM4oWFionaEXyel-TS3GNLNO86g"
        }
      ],
      "services": {
        "appinvite_service": {
          "other_platform_oauth_client": []
        }
      }
    }
  ],
  "configuration_version": "1"
}